<?xml version="1.0" encoding="UTF-8" standalone="yes"?>
<model type="com.apple.IDECoreDataModeler.DataModel" documentVersion="1.0" lastSavedToolsVersion="13772" systemVersion="16G1114" minimumToolsVersion="Automatic" sourceLanguage="Swift" userDefinedModelVersionIdentifier="">
    <entity name="Car" representedClassName="Car" syncable="YES" codeGenerationType="class">
        <attribute name="color" optional="YES" syncable="YES"/>
        <attribute name="make" optional="YES" syncable="YES"/>
        <attribute name="mileage" optional="YES" attributeType="Integer 16" defaultValueString="0" usesScalarValueType="YES" syncable="YES"/>
        <attribute name="model" optional="YES" syncable="YES"/>
        <attribute name="year" optional="YES" attributeType="Integer 16" defaultValueString="0" usesScalarValueType="YES" syncable="YES"/>
    </entity>
    <entity name="Customer" representedClassName="Customer" syncable="YES" codeGenerationType="class">
        <attribute name="address" optional="YES" syncable="YES"/>
        <attribute name="email" optional="YES" syncable="YES"/>
        <attribute name="firstName" optional="YES" syncable="YES"/>
        <attribute name="lastName" optional="YES" syncable="YES"/>
        <attribute name="phone" optional="YES" syncable="YES"/>
    </entity>
    <elements>
        <element name="Car" positionX="-63" positionY="-18" width="128" height="120"/>
        <element name="Customer" positionX="-54" positionY="-9" width="128" height="120"/>
    </elements>
</model>